<manifest><control namespace="rdw" constructor="rdw" version="0.0.1" display-name-key="rdw" description-key="rdw description" control-type="standard" api-version="1.3.5"><external-service-usage enabled="true"><domain>http://opendata.rdw.nl/api/</domain></external-service-usage><property name="vehicle_registration" display-name-key="vehicle_registration" description-key="Vehicle registration" of-type="SingleLine.Text" usage="bound" required="true" /><resources><code path="bundle.js" order="1" /></resources><built-by name="pac" version="1.23.3" /></control></manifest>