{
  "properties": {
    "connectionReferences": {},
    "definition": {
      "$schema": "https://schema.management.azure.com/providers/Microsoft.Logic/schemas/2016-06-01/workflowdefinition.json#",
      "contentVersion": "1.0.0.0",
      "parameters": {
        "$authentication": {
          "defaultValue": {},
          "type": "SecureObject"
        }
      },
      "triggers": {
        "manual": {
          "metadata": {
            "operationMetadataId": "4670027d-1a7d-4c29-9ff7-26badf3a2c8b"
          },
          "type": "Request",
          "kind": "PowerAppV2",
          "inputs": {
            "schema": {
              "type": "object",
              "properties": {
                "text": {
                  "title": "Sentence",
                  "type": "string",
                  "x-ms-dynamically-added": true,
                  "description": "Please enter your input",
                  "x-ms-content-hint": "TEXT"
                }
              },
              "required": [
                "text"
              ]
            }
          }
        }
      },
      "actions": {
        "HTTP": {
          "runAfter": {
            "Initialize_variable": [
              "Succeeded"
            ]
          },
          "metadata": {
            "operationMetadataId": "74d1761d-2d0a-4416-870f-4d6cf8c59ab9"
          },
          "type": "Http",
          "inputs": {
            "method": "POST",
            "uri": "https://YOURURL.cognitiveservices.azure.com//language/:analyze-text?api-version=2022-10-01-preview",
            "headers": {
              "Ocp-Apim-Subscription-Key": "YOUR-KEY-HERE"
            },
            "body": {
              "kind": "SentimentAnalysis",
              "parameters": {
                "modelVersion": "latest"
              },
              "analysisInput": {
                "documents": [
                  {
                    "id": "1",
                    "language": "en",
                    "text": "@{triggerBody()['text']}"
                  }
                ]
              }
            }
          }
        },
        "Parse_JSON": {
          "runAfter": {
            "HTTP": [
              "Succeeded"
            ]
          },
          "metadata": {
            "operationMetadataId": "ef82ed7f-8fe6-41e9-a096-0d5dc1f54098"
          },
          "type": "ParseJson",
          "inputs": {
            "content": "@body('HTTP')",
            "schema": {
              "type": "object",
              "properties": {
                "kind": {
                  "type": "string"
                },
                "results": {
                  "type": "object",
                  "properties": {
                    "documents": {
                      "type": "array",
                      "items": {
                        "type": "object",
                        "properties": {
                          "id": {
                            "type": "string"
                          },
                          "sentiment": {
                            "type": "string"
                          },
                          "confidenceScores": {
                            "type": "object",
                            "properties": {
                              "positive": {
                                "type": "number"
                              },
                              "neutral": {
                                "type": "number"
                              },
                              "negative": {
                                "type": "number"
                              }
                            }
                          },
                          "sentences": {
                            "type": "array",
                            "items": {
                              "type": "object",
                              "properties": {
                                "sentiment": {
                                  "type": "string"
                                },
                                "confidenceScores": {
                                  "type": "object",
                                  "properties": {
                                    "positive": {
                                      "type": "number"
                                    },
                                    "neutral": {
                                      "type": "number"
                                    },
                                    "negative": {
                                      "type": "number"
                                    }
                                  }
                                },
                                "offset": {
                                  "type": "integer"
                                },
                                "length": {
                                  "type": "integer"
                                },
                                "text": {
                                  "type": "string"
                                }
                              },
                              "required": [
                                "sentiment",
                                "confidenceScores",
                                "offset",
                                "length",
                                "text"
                              ]
                            }
                          },
                          "warnings": {
                            "type": "array"
                          }
                        },
                        "required": [
                          "id",
                          "sentiment",
                          "confidenceScores",
                          "sentences",
                          "warnings"
                        ]
                      }
                    },
                    "errors": {
                      "type": "array"
                    },
                    "modelVersion": {
                      "type": "string"
                    }
                  }
                }
              }
            }
          }
        },
        "Apply_to_each": {
          "foreach": "@body('Parse_JSON')?['results']?['documents']",
          "actions": {
            "Positive": {
              "runAfter": {},
              "metadata": {
                "operationMetadataId": "e3029edd-703a-4daf-b5c9-70af237ca238"
              },
              "type": "Compose",
              "inputs": "@items('Apply_to_each')?['confidenceScores']?['positive']"
            },
            "Negative": {
              "runAfter": {
                "Positive": [
                  "Succeeded"
                ]
              },
              "metadata": {
                "operationMetadataId": "9f9f0025-42f0-4446-a420-74f88450e080"
              },
              "type": "Compose",
              "inputs": "@items('Apply_to_each')?['confidenceScores']?['negative']"
            },
            "Neutral": {
              "runAfter": {
                "Negative": [
                  "Succeeded"
                ]
              },
              "metadata": {
                "operationMetadataId": "31d11d68-3163-4a0c-869a-a606fb4c996b"
              },
              "type": "Compose",
              "inputs": "@items('Apply_to_each')?['confidenceScores']?['neutral']"
            },
            "Append_to_array_variable": {
              "runAfter": {
                "Neutral": [
                  "Succeeded"
                ]
              },
              "metadata": {
                "operationMetadataId": "33e925f6-8f2e-454f-8291-b3c12e43509e"
              },
              "type": "AppendToArrayVariable",
              "inputs": {
                "name": "Sentiment Object",
                "value": {
                  "positive": "@{outputs('Positive')}",
                  "negative": "@{outputs('Negative')}",
                  "neutral": "@{outputs('Neutral')}"
                }
              }
            }
          },
          "runAfter": {
            "Parse_JSON": [
              "Succeeded"
            ]
          },
          "metadata": {
            "operationMetadataId": "6de7f6b9-548a-4c71-b303-574464ad5959"
          },
          "type": "Foreach"
        },
        "Response": {
          "runAfter": {
            "Apply_to_each": [
              "Succeeded"
            ]
          },
          "metadata": {
            "operationMetadataId": "d7ef172d-f05c-4a4d-8b47-c1d950bf8795"
          },
          "type": "Response",
          "kind": "Http",
          "inputs": {
            "statusCode": 200,
            "body": "@variables('Sentiment Object')",
            "schema": {
              "type": "array",
              "items": {
                "type": "object",
                "properties": {
                  "positive": {
                    "type": "string"
                  },
                  "negative": {
                    "type": "string"
                  },
                  "neutral": {
                    "type": "string"
                  }
                },
                "required": [
                  "positive",
                  "negative",
                  "neutral"
                ]
              }
            }
          }
        },
        "Initialize_variable": {
          "runAfter": {},
          "metadata": {
            "operationMetadataId": "ef365093-eafb-47fe-be30-d959e51a8968"
          },
          "type": "InitializeVariable",
          "inputs": {
            "variables": [
              {
                "name": "Sentiment Object",
                "type": "array"
              }
            ]
          }
        }
      },
      "outputs": {}
    }
  },
  "schemaVersion": "1.0.0.0"
}