<?xml version="1.0" encoding="UTF-8" standalone="yes"?>
<manifest>
  <control namespace="slidepuzzle" constructor="slidepuzzle" version="0.0.1" display-name-key="slidepuzzle" description-key="slidepuzzle description" control-type="standard" api-version="1.3.5">
    <external-service-usage enabled="false"/>
    <property name="puzzle" display-name-key="Property_Display_Key" description-key="Property_Desc_Key" of-type="SingleLine.Text" usage="bound" required="true"/>
    <resources>
      <code path="bundle.js" order="1"/>
      <css path="css/slidepuzzle.css" order="1"/>
    </resources>
    <built-by name="pac" version="1.23.4"/>
  </control>
</manifest>