<?xml version="1.0" encoding="UTF-8" standalone="yes"?>
<manifest>
  <control namespace="mermaids" constructor="mermaids" version="0.0.1" display-name-key="mermaids" description-key="mermaid description" control-type="standard" api-version="1.3.5">
    <external-service-usage enabled="false"/>
    <property name="mermaid_text" display-name-key="mermaid_text" description-key="Property_Desc_Key" of-type="Multiple" usage="bound" required="true"/>
    <resources>
      <code path="bundle.js" order="1"/>
    </resources>
    <built-by name="pac" version="1.23.3"/>
  </control>
</manifest>